{"cameraMode":{"drawMode":2,"name":"Shaded Wireframe","section":"Shading Mode"},"sceneLighting":true,"audioPlay":false,"sceneViewState":{"showFog":true,"showMaterialUpdate":false,"showSkybox":true,"showFlares":true,"showImageEffects":true,"showParticleSystems":true},"in2DMode":false,"pivot":{"x":-0.7532773613929749,"y":5.467894077301025,"z":11.498589515686036},"rotation":{"x":0.5605541467666626,"y":0.4310210943222046,"z":-0.4310210645198822,"w":0.560554027557373},"size":15.457387924194336,"orthographic":false}