{"cameraMode":{"drawMode":0,"name":"Shaded","section":"Shading Mode"},"sceneLighting":true,"audioPlay":false,"sceneViewState":{"showFog":true,"showMaterialUpdate":false,"showSkybox":true,"showFlares":true,"showImageEffects":true,"showParticleSystems":true},"in2DMode":false,"pivot":{"x":-0.7532775402069092,"y":14.756990432739258,"z":11.498598098754883},"rotation":{"x":-0.12442265450954437,"y":0.5501680374145508,"z":-0.08332545310258866,"w":-0.8215175271034241},"size":66.0513916015625,"orthographic":false}