{"cameraMode":{"drawMode":2,"name":"Shaded Wireframe","section":"Shading Mode"},"sceneLighting":true,"audioPlay":false,"sceneViewState":{"showFog":true,"showMaterialUpdate":false,"showSkybox":true,"showFlares":true,"showImageEffects":true,"showParticleSystems":true},"in2DMode":false,"pivot":{"x":-0.7532773613929749,"y":5.467894077301025,"z":11.498589515686036},"rotation":{"x":0.3338952958583832,"y":0.3494967520236969,"z":-0.13491305708885194,"w":0.86496502161026},"size":99.30352783203125,"orthographic":false}