{"cameraMode":{"drawMode":0,"name":"Shaded","section":"Shading Mode"},"sceneLighting":false,"audioPlay":false,"sceneViewState":{"showFog":true,"showMaterialUpdate":false,"showSkybox":true,"showFlares":true,"showImageEffects":true,"showParticleSystems":true},"in2DMode":false,"pivot":{"x":0.0947568416595459,"y":0.5756311416625977,"z":0.739067554473877},"rotation":{"x":0.07865043729543686,"y":-0.917303204536438,"z":0.22739815711975099,"w":0.317268043756485},"size":5.725403308868408,"orthographic":false}