{"cameraMode":{"drawMode":0,"name":"Shaded","section":"Shading Mode"},"sceneLighting":true,"audioPlay":false,"sceneViewState":{"showFog":true,"showMaterialUpdate":false,"showSkybox":true,"showFlares":true,"showImageEffects":true,"showParticleSystems":true},"in2DMode":false,"pivot":{"x":17.032901763916017,"y":-11.899774551391602,"z":10.580511093139649},"rotation":{"x":0.212425097823143,"y":0.7107659578323364,"z":-0.2413213551044464,"w":0.62566077709198},"size":37.867652893066409,"orthographic":false}