{"cameraMode":{"drawMode":0,"name":"Shaded","section":"Shading Mode"},"sceneLighting":true,"audioPlay":false,"sceneViewState":{"showFog":true,"showMaterialUpdate":false,"showSkybox":true,"showFlares":true,"showImageEffects":true,"showParticleSystems":true},"in2DMode":false,"pivot":{"x":-0.9126565456390381,"y":-2.4148964881896974,"z":-1.695324420928955},"rotation":{"x":0.10806669294834137,"y":-0.8793180584907532,"z":0.3974352180957794,"w":0.23909538984298707},"size":11.908955574035645,"orthographic":false}