{"cameraMode":{"drawMode":0,"name":"Shaded","section":"Shading Mode"},"sceneLighting":true,"audioPlay":false,"sceneViewState":{"showFog":true,"showMaterialUpdate":false,"showSkybox":true,"showFlares":true,"showImageEffects":true,"showParticleSystems":true},"in2DMode":false,"pivot":{"x":-4.044769287109375,"y":-0.6217012405395508,"z":-1.2802228927612305},"rotation":{"x":0.08708517998456955,"y":-0.8915687799453735,"z":0.19422964751720429,"w":0.39974507689476015},"size":18.211559295654298,"orthographic":false}